step,accuracy/validator,accuracy/exact,epoch,dataset
0,0.2287109494209289,0.0078125,0,mbtcp-boundaries_client-c0-s200-f1_5_15_3_6_16-v0_65535-a0_39-sc40-sr40
0,0.8230469226837158,0.1218749955296516,0,mbtcp-boundaries_client-c0-s400-f1_5_15_3_6_16-v0_65535-a0_39-sc40-sr40
0,0.9033203721046448,0.0882812514901161,0,mbtcp-boundaries_client-c0-s800-f1_5_15_3_6_16-v0_65535-a0_39-sc40-sr40
0,0.845898449420929,0.1462890654802322,0,mbtcp-boundaries_client-c0-s1600-f1_5_15_3_6_16-v0_65535-a0_39-sc40-sr40
0,0.8480468988418579,0.1447265595197677,0,mbtcp-boundaries_client-c0-s3200-f1_5_15_3_6_16-v0_65535-a0_39-sc40-sr40
0,0.8980469107627869,0.08984375,0,mbtcp-boundaries_client-c0-s6400-f1_5_15_3_6_16-v0_65535-a0_39-sc40-sr40
