step,accuracy/validator,accuracy/exact,epoch
0,0.22871094942092896,0.0078125,0
0,0.8230469226837158,0.12187499552965164,0
0,0.9033203721046448,0.08828125149011612,0
0,0.845898449420929,0.14628906548023224,0
0,0.8480468988418579,0.14472655951976776,0
0,0.8980469107627869,0.08984375,0
