csv-train_loss_step,step,csv-epoch
3.4641852378845215,0,0
3.4072041511535645,1,0
