step,accuracy/exact,epoch,accuracy/validator
0,0.03125,0,0.1591796875
0,0.0185546875,0,0.0498046875
0,0.1708984375,0,0.5326172113418579
0,0.04238281399011612,0,0.883984386920929
0,0.13828125596046448,0,0.8101562857627869
0,0.12871094048023224,0,0.6015625
0,0.0820312425494194,0,0.7654297351837158
0,0.0996093675494194,0,0.8818359971046448
0,0.04511718824505806,0,0.9273437857627869
0,0.03281249850988388,0,0.709179699420929
0,0.10605468600988388,0,0.8728516101837158
