step,epoch,accuracy/exact
0,0,0.3076171875
0,0,0.0068359375
