step,accuracy/exact,epoch,accuracy/validator
0,0.0,0,0.0
0,0.0,0,0.0
0,0.6832031607627869,0,0.703125
0,0.792187511920929,0,0.850390613079071
0,0.7939453125,0,0.80078125
0,0.580078125,0,0.59375
0,0.845703125,0,0.845703125
0,0.812695324420929,0,0.828320324420929
0,0.905468761920929,0,0.906445324420929
0,0.7998046875,0,0.8921875357627869
0,0.8251953125,0,0.8291015625
