csv-train_loss_step,step,csv-epoch
3.6939697265625,0,0
3.4035565853118896,1,0
2.6132378578186035,2,0
3.0380465984344482,3,0
