step,accuracy/validator,accuracy/exact,epoch,dataset
0,0.171875,0.0625,0,s7comm-boundaries_client-c0-s200-f1_5_15_3_6_16-v0_27648-a0_39-sc40-sr40
0,0.8509615659713745,0.2716346085071563,0,s7comm-boundaries_client-c0-s400-f1_5_15_3_6_16-v0_27648-a0_39-sc40-sr40
0,0.9945913553237916,0.3401442170143127,0,s7comm-boundaries_client-c0-s800-f1_5_15_3_6_16-v0_27648-a0_39-sc40-sr40
0,0.9945913553237916,0.3275240361690521,0,s7comm-boundaries_client-c0-s1600-f1_5_15_3_6_16-v0_27648-a0_39-sc40-sr40
0,0.9945913553237916,0.3155048191547394,0,s7comm-boundaries_client-c0-s3200-f1_5_15_3_6_16-v0_27648-a0_39-sc40-sr40
0,0.9915865659713744,0.3209134638309479,0,s7comm-boundaries_client-c0-s6400-f1_5_15_3_6_16-v0_27648-a0_39-sc40-sr40
