step,accuracy/validator,accuracy/exact,epoch
0,0.171875,0.0625,0
0,0.8509615659713745,0.27163460850715637,0
0,0.9945913553237915,0.34014421701431274,0
0,0.9945913553237915,0.3275240361690521,0
0,0.9945913553237915,0.3155048191547394,0
0,0.9915865659713745,0.3209134638309479,0
