accuracy/validator,step,epoch,accuracy/exact
0.23076923191547394,0,0,0.17848557233810425
0.8966346383094788,0,0,0.7668269276618958
0.9939903616905212,0,0,0.8515625
0.9945913553237915,0,0,0.9158653616905212
0.9945913553237915,0,0,0.8822115659713745
0.9819711446762085,0,0,0.8864182829856873
