accuracy/validator,step,epoch,accuracy/exact,dataset
0.2307692319154739,0,0,0.1784855723381042,s7comm-boundaries_client-c0-s200-f1_5_15_3_6_16-v0_27648-a0_39-sc40-sr40
0.8966346383094788,0,0,0.7668269276618958,s7comm-boundaries_client-c0-s400-f1_5_15_3_6_16-v0_27648-a0_39-sc40-sr40
0.9939903616905212,0,0,0.8515625,s7comm-boundaries_client-c0-s800-f1_5_15_3_6_16-v0_27648-a0_39-sc40-sr40
0.9945913553237916,0,0,0.9158653616905212,s7comm-boundaries_client-c0-s1600-f1_5_15_3_6_16-v0_27648-a0_39-sc40-sr40
0.9945913553237916,0,0,0.8822115659713745,s7comm-boundaries_client-c0-s3200-f1_5_15_3_6_16-v0_27648-a0_39-sc40-sr40
0.9819711446762084,0,0,0.8864182829856873,s7comm-boundaries_client-c0-s6400-f1_5_15_3_6_16-v0_27648-a0_39-sc40-sr40
